<?xml version="1.0" encoding="UTF-8"?>
<project-private xmlns="http://www.netbeans.org/ns/project-private/1">
    <editor-bookmarks xmlns="http://www.netbeans.org/ns/editor-bookmarks/2" lastBookmarkId="0"/>
    <open-files xmlns="http://www.netbeans.org/ns/projectui-open-files/2">
        <group>
            <file>file:/E:/AUCA/Software%20Testing%20Techniques/AUCA%20REGISTRATION%20MODULE/src/model/Teacher.java</file>
            <file>file:/E:/AUCA/Software%20Testing%20Techniques/AUCA%20REGISTRATION%20MODULE/src/model/Course_definitiomn.java</file>
            <file>file:/E:/AUCA/Software%20Testing%20Techniques/AUCA%20REGISTRATION%20MODULE/src/dao/RegistrationDao.java</file>
            <file>file:/E:/AUCA/Software%20Testing%20Techniques/AUCA%20REGISTRATION%20MODULE/src/dao/StudentDao.java</file>
            <file>file:/E:/AUCA/Software%20Testing%20Techniques/AUCA%20REGISTRATION%20MODULE/src/model/Registration.java</file>
            <file>file:/E:/AUCA/Software%20Testing%20Techniques/AUCA%20REGISTRATION%20MODULE/src/model/Academic_unit.java</file>
        </group>
    </open-files>
</project-private>
